-- phpMyAdmin SQL Dump
-- version 4.9.0.1
-- https://www.phpmyadmin.net/
--
-- Host: 127.0.0.1
-- Waktu pembuatan: 19 Apr 2024 pada 07.47
-- Versi server: 10.4.6-MariaDB
-- Versi PHP: 7.1.31

SET SQL_MODE = "NO_AUTO_VALUE_ON_ZERO";
SET AUTOCOMMIT = 0;
START TRANSACTION;
SET time_zone = "+00:00";


/*!40101 SET @OLD_CHARACTER_SET_CLIENT=@@CHARACTER_SET_CLIENT */;
/*!40101 SET @OLD_CHARACTER_SET_RESULTS=@@CHARACTER_SET_RESULTS */;
/*!40101 SET @OLD_COLLATION_CONNECTION=@@COLLATION_CONNECTION */;
/*!40101 SET NAMES utf8mb4 */;

--
-- Database: `ukk_marsel`
--

-- --------------------------------------------------------

--
-- Struktur dari tabel `album`
--

CREATE TABLE `album` (
  `AlbumID` int(11) NOT NULL,
  `NamaAlbum` varchar(255) NOT NULL,
  `Deskripsi` text NOT NULL,
  `TanggalDibuat` date NOT NULL,
  `UserID` int(11) NOT NULL
) ENGINE=InnoDB DEFAULT CHARSET=utf8mb4;

--
-- Dumping data untuk tabel `album`
--

INSERT INTO `album` (`AlbumID`, `NamaAlbum`, `Deskripsi`, `TanggalDibuat`, `UserID`) VALUES
(1, 'My Album', 'Nothing', '2024-04-12', 1);

-- --------------------------------------------------------

--
-- Struktur dari tabel `foto`
--

CREATE TABLE `foto` (
  `FotoID` int(11) NOT NULL,
  `JudulFoto` varchar(255) NOT NULL,
  `DeskripsiFoto` text NOT NULL,
  `TanggalUnggah` date NOT NULL,
  `LokasiFile` varchar(255) NOT NULL,
  `AlbumID` int(11) NOT NULL,
  `UserID` int(11) NOT NULL
) ENGINE=InnoDB DEFAULT CHARSET=utf8mb4;

--
-- Dumping data untuk tabel `foto`
--

INSERT INTO `foto` (`FotoID`, `JudulFoto`, `DeskripsiFoto`, `TanggalUnggah`, `LokasiFile`, `AlbumID`, `UserID`) VALUES
(3, 'Aerith', '...', '2024-04-12', 'aerith.jpg', 1, 1),
(4, 'Ghost', 'Run', '2024-04-17', 'Gr.jpg', 1, 1),
(5, 'B', '...', '2024-04-18', 'giphy.gif', 1, 1);

-- --------------------------------------------------------

--
-- Struktur dari tabel `komentarfoto`
--

CREATE TABLE `komentarfoto` (
  `KomentarID` int(11) NOT NULL,
  `FotoID` int(11) NOT NULL,
  `UserID` int(11) NOT NULL,
  `IsiKomentar` text NOT NULL,
  `TanggalKomentar` date NOT NULL
) ENGINE=InnoDB DEFAULT CHARSET=utf8mb4;

--
-- Dumping data untuk tabel `komentarfoto`
--

INSERT INTO `komentarfoto` (`KomentarID`, `FotoID`, `UserID`, `IsiKomentar`, `TanggalKomentar`) VALUES
(2, 4, 1, 'mm', '2024-04-18'),
(3, 4, 3, 'good', '2024-04-18'),
(5, 5, 4, '1', '2024-04-19');

-- --------------------------------------------------------

--
-- Struktur dari tabel `likefoto`
--

CREATE TABLE `likefoto` (
  `LikeID` int(11) NOT NULL,
  `FotoID` int(11) NOT NULL,
  `UserID` int(11) NOT NULL,
  `TanggalLike` date NOT NULL
) ENGINE=InnoDB DEFAULT CHARSET=utf8mb4;

--
-- Dumping data untuk tabel `likefoto`
--

INSERT INTO `likefoto` (`LikeID`, `FotoID`, `UserID`, `TanggalLike`) VALUES
(4, 3, 1, '2024-04-12'),
(5, 4, 1, '2024-04-18'),
(6, 4, 3, '2024-04-18'),
(7, 5, 4, '2024-04-19');

-- --------------------------------------------------------

--
-- Struktur dari tabel `user`
--

CREATE TABLE `user` (
  `UserID` int(11) NOT NULL,
  `Username` varchar(255) NOT NULL,
  `Password` varchar(255) NOT NULL,
  `Email` varchar(255) NOT NULL,
  `NamaLengkap` varchar(255) NOT NULL,
  `Alamat` text NOT NULL
) ENGINE=InnoDB DEFAULT CHARSET=utf8mb4;

--
-- Dumping data untuk tabel `user`
--

INSERT INTO `user` (`UserID`, `Username`, `Password`, `Email`, `NamaLengkap`, `Alamat`) VALUES
(1, 'Marchel', '00cb7572fc22e2abda54faa413b4d3fd', 'marselinoagiputra96@gmail.com', 'Rayaedit', 'Weru'),
(3, 'Dimaas-kun', '8dd48d6a2e2cad213179a3992c0be53c', 'muhamadfaissetiawan123@gmail.com', 'Mamad Dimas', 'v'),
(4, 'faiz', '9e1e06ec8e02f0a0074f2fcc6b26303b', 'Mfaiz@gmail.com', 'muh faiz kun', 'bg');

--
-- Indexes for dumped tables
--

--
-- Indeks untuk tabel `album`
--
ALTER TABLE `album`
  ADD PRIMARY KEY (`AlbumID`),
  ADD KEY `userid` (`UserID`);

--
-- Indeks untuk tabel `foto`
--
ALTER TABLE `foto`
  ADD PRIMARY KEY (`FotoID`),
  ADD KEY `albumid` (`AlbumID`),
  ADD KEY `userid` (`UserID`);

--
-- Indeks untuk tabel `komentarfoto`
--
ALTER TABLE `komentarfoto`
  ADD PRIMARY KEY (`KomentarID`),
  ADD KEY `fotoid` (`FotoID`),
  ADD KEY `userid` (`UserID`);

--
-- Indeks untuk tabel `likefoto`
--
ALTER TABLE `likefoto`
  ADD PRIMARY KEY (`LikeID`),
  ADD KEY `fotoid` (`FotoID`),
  ADD KEY `userid` (`UserID`);

--
-- Indeks untuk tabel `user`
--
ALTER TABLE `user`
  ADD PRIMARY KEY (`UserID`);

--
-- AUTO_INCREMENT untuk tabel yang dibuang
--

--
-- AUTO_INCREMENT untuk tabel `album`
--
ALTER TABLE `album`
  MODIFY `AlbumID` int(11) NOT NULL AUTO_INCREMENT, AUTO_INCREMENT=3;

--
-- AUTO_INCREMENT untuk tabel `foto`
--
ALTER TABLE `foto`
  MODIFY `FotoID` int(11) NOT NULL AUTO_INCREMENT, AUTO_INCREMENT=8;

--
-- AUTO_INCREMENT untuk tabel `komentarfoto`
--
ALTER TABLE `komentarfoto`
  MODIFY `KomentarID` int(11) NOT NULL AUTO_INCREMENT, AUTO_INCREMENT=6;

--
-- AUTO_INCREMENT untuk tabel `likefoto`
--
ALTER TABLE `likefoto`
  MODIFY `LikeID` int(11) NOT NULL AUTO_INCREMENT, AUTO_INCREMENT=8;

--
-- AUTO_INCREMENT untuk tabel `user`
--
ALTER TABLE `user`
  MODIFY `UserID` int(11) NOT NULL AUTO_INCREMENT, AUTO_INCREMENT=5;

--
-- Ketidakleluasaan untuk tabel pelimpahan (Dumped Tables)
--

--
-- Ketidakleluasaan untuk tabel `album`
--
ALTER TABLE `album`
  ADD CONSTRAINT `album_ibfk_1` FOREIGN KEY (`UserID`) REFERENCES `user` (`UserID`) ON DELETE CASCADE ON UPDATE CASCADE;

--
-- Ketidakleluasaan untuk tabel `foto`
--
ALTER TABLE `foto`
  ADD CONSTRAINT `foto_ibfk_1` FOREIGN KEY (`AlbumID`) REFERENCES `album` (`AlbumID`) ON DELETE CASCADE ON UPDATE CASCADE,
  ADD CONSTRAINT `foto_ibfk_2` FOREIGN KEY (`UserID`) REFERENCES `user` (`UserID`) ON DELETE CASCADE ON UPDATE CASCADE;

--
-- Ketidakleluasaan untuk tabel `komentarfoto`
--
ALTER TABLE `komentarfoto`
  ADD CONSTRAINT `komentarfoto_ibfk_1` FOREIGN KEY (`UserID`) REFERENCES `user` (`UserID`) ON DELETE CASCADE ON UPDATE CASCADE,
  ADD CONSTRAINT `komentarfoto_ibfk_2` FOREIGN KEY (`FotoID`) REFERENCES `foto` (`FotoID`) ON DELETE CASCADE ON UPDATE CASCADE;

--
-- Ketidakleluasaan untuk tabel `likefoto`
--
ALTER TABLE `likefoto`
  ADD CONSTRAINT `likefoto_ibfk_1` FOREIGN KEY (`UserID`) REFERENCES `user` (`UserID`) ON DELETE CASCADE ON UPDATE CASCADE,
  ADD CONSTRAINT `likefoto_ibfk_2` FOREIGN KEY (`FotoID`) REFERENCES `foto` (`FotoID`) ON DELETE CASCADE ON UPDATE CASCADE;
COMMIT;

/*!40101 SET CHARACTER_SET_CLIENT=@OLD_CHARACTER_SET_CLIENT */;
/*!40101 SET CHARACTER_SET_RESULTS=@OLD_CHARACTER_SET_RESULTS */;
/*!40101 SET COLLATION_CONNECTION=@OLD_COLLATION_CONNECTION */;
